{
    "oxe_droid": {
        "statistics": {
            "state": {
                "cartesian_position": {
                    "max": [
                        0.8575563430786133,
                        0.8196876049041748,
                        1.0066224336624146,
                        3.1415927410125732,
                        1.5705928802490234,
                        3.1415927410125732
                    ],
                    "min": [
                        -0.1557805985212326,
                        -0.8236568570137024,
                        -0.24001094698905945,
                        -3.141592502593994,
                        -1.5703768730163574,
                        -3.141538381576538
                    ],
                    "mean": [
                        0.5193497538566589,
                        -0.002151918364688754,
                        0.31560245156288147,
                        0.2531723380088806,
                        -0.09461124986410141,
                        -0.07356765121221542
                    ],
                    "std": [
                        0.11476767808198929,
                        0.1829727441072464,
                        0.16433370113372803,
                        2.8737549781799316,
                        0.35601115226745605,
                        0.75840824842453
                    ],
                    "q01": [
                        0.27268422961235045,
                        -0.45497055172920225,
                        -0.05354836031794548,
                        -3.1374664306640625,
                        -1.211972155570984,
                        -2.1168932056427003
                    ],
                    "q99": [
                        0.7831132435798644,
                        0.4460643017292022,
                        0.7798169517517088,
                        3.1375176525115966,
                        0.9170670509338379,
                        1.9290304040908812
                    ]
                },
                "gripper_position": {
                    "max": [
                        1.0
                    ],
                    "min": [
                        0.0
                    ],
                    "mean": [
                        0.4058409035205841
                    ],
                    "std": [
                        0.40033361315727234
                    ],
                    "q01": [
                        0.0
                    ],
                    "q99": [
                        0.9911894202232361
                    ]
                },
                "joint_position": {
                    "max": [
                        2.6687583923339844,
                        1.5840554237365723,
                        2.6540958881378174,
                        -0.29779934883117676,
                        2.6624162197113037,
                        4.272191524505615,
                        2.755643367767334
                    ],
                    "min": [
                        -2.6536705493927,
                        -1.6156227588653564,
                        -2.6781487464904785,
                        -2.9409868717193604,
                        -2.6705946922302246,
                        0.24893812835216522,
                        -2.757359266281128
                    ],
                    "mean": [
                        0.010540884919464588,
                        0.276614785194397,
                        -0.0161590613424778,
                        -1.9568142890930176,
                        -0.026198934763669968,
                        2.227536916732788,
                        0.09755843877792358
                    ],
                    "std": [
                        0.31223708391189575,
                        0.4864124655723572,
                        0.27194955945014954,
                        0.4877043664455414,
                        0.519264817237854,
                        0.4608793258666992,
                        0.73529052734375
                    ],
                    "q01": [
                        -0.8875624465942383,
                        -0.8370916676521302,
                        -0.8531151509284973,
                        -2.7690773010253906,
                        -1.7587936305999756,
                        1.2168634271621703,
                        -1.9968851804733276
                    ],
                    "q99": [
                        0.9182539391517639,
                        1.4385825252532958,
                        0.7427385020256034,
                        -0.4551836943626404,
                        1.6720541000366205,
                        3.4903993225097656,
                        2.202882013320923
                    ]
                }
            },
            "action": {
                "cartesian_position": {
                    "max": [
                        0.9295652508735657,
                        0.8648782968521118,
                        1.074978232383728,
                        3.1415927410125732,
                        1.569351077079773,
                        3.1415891647338867
                    ],
                    "min": [
                        -0.2077193409204483,
                        -0.8572492003440857,
                        -0.28132379055023193,
                        -3.141592502593994,
                        -1.570475697517395,
                        -3.1415903568267822
                    ],
                    "mean": [
                        0.5217108130455017,
                        -0.0024298648349940777,
                        0.31581276655197144,
                        0.24151155352592468,
                        -0.09780275076627731,
                        -0.07566439360380173
                    ],
                    "std": [
                        0.11538878083229065,
                        0.18436987698078156,
                        0.16514648497104645,
                        2.870729446411133,
                        0.35923561453819275,
                        0.7664689421653748
                    ],
                    "q01": [
                        0.27160054326057437,
                        -0.4589928162097931,
                        -0.058704137057065967,
                        -3.137373447418213,
                        -1.2186739873886108,
                        -2.1329003810882567
                    ],
                    "q99": [
                        0.7972378945350647,
                        0.4485009682178497,
                        0.7853155732154846,
                        3.1373984813690186,
                        0.924110951423645,
                        1.9459695529937733
                    ]
                },
                "cartesian_velocity": {
                    "max": [
                        0.9999998211860657,
                        0.999991774559021,
                        0.9999973177909851,
                        0.9999646544456482,
                        0.9999954104423523,
                        0.9999998807907104
                    ],
                    "min": [
                        -0.9999999403953552,
                        -0.9999951124191284,
                        -0.9999808073043823,
                        -0.9999980330467224,
                        -0.9999979734420776,
                        -0.9999998807907104
                    ],
                    "mean": [
                        0.033388834446668625,
                        -0.003555452451109886,
                        0.009679817594587803,
                        0.0048437900841236115,
                        -0.030398616567254066,
                        -0.01152781117707491
                    ],